{
    "LVLData": [
        "SIM"
    ],
    "CompileStrategy": "fullobj",
    "cycles_program_begin": 730897790578175,
    "cpu_cycles_pass2_start": 730898092394126,
    "MlibObjs": {},
    "perf": [
        {
            "stat": [
                "main",
                "entry",
                0.015369892120361328,
                0.016907999999999999,
                0.028843000000000001,
                216276,
                216276,
                0.0,
                0.0,
                1632905494.6697559,
                730897790867917
            ],
            "sub": [
                {
                    "stat": [
                        "doParsingAndDesignResolution",
                        "entry",
                        0.025552988052368164,
                        0.020279999999999999,
                        0.033463,
                        272124,
                        272924,
                        0.0,
                        0.0,
                        1632905494.679939,
                        730897817208840
                    ],
                    "sub": []
                },
                {
                    "stat": [
                        "doParsingAndDesignResolution",
                        "exit",
                        0.039706945419311523,
                        0.025215000000000001,
                        0.042361000000000003,
                        273248,
                        273896,
                        0.0,
                        0.0,
                        1632905494.694093,
                        730897853931783
                    ],
                    "sub": []
                },
                {
                    "stat": [
                        "doPostDesignResolutionToVir2Vcs",
                        "entry",
                        0.039767980575561523,
                        0.025238,
                        0.0424,
                        273248,
                        273896,
                        0.0,
                        0.0,
                        1632905494.694154,
                        730897854023023
                    ],
                    "sub": [
                        {
                            "stat": [
                                "doUptoVir2VcsNoSepCleanup",
                                "entry",
                                0.047595977783203125,
                                0.028167000000000001,
                                0.047280000000000003,
                                274424,
                                274428,
                                0.0,
                                0.0,
                                1632905494.701982,
                                730897874349640
                            ],
                            "sub": []
                        },
                        {
                            "stat": [
                                "doUptoVir2VcsNoSepCleanup",
                                "exit",
                                0.065854072570800781,
                                0.040723000000000002,
                                0.051922000000000003,
                                275840,
                                288196,
                                0.0,
                                0.0,
                                1632905494.7202401,
                                730897921696344
                            ],
                            "sub": []
                        },
                        {
                            "stat": [
                                "doRadify_vir2vcsAll",
                                "entry",
                                0.065943002700805664,
                                0.040723000000000002,
                                0.052012000000000003,
                                275840,
                                288196,
                                0.0,
                                0.0,
                                1632905494.720329,
                                730897921880686
                            ],
                            "sub": []
                        },
                        {
                            "stat": [
                                "doRadify_vir2vcsAll",
                                "exit",
                                0.10282087326049805,
                                0.050827999999999998,
                                0.078783000000000006,
                                276844,
                                288196,
                                0.0,
                                0.0,
                                1632905494.7572069,
                                730898017548512
                            ],
                            "sub": []
                        }
                    ]
                },
                {
                    "stat": [
                        "doPostDesignResolutionToVir2Vcs",
                        "exit",
                        0.10288596153259277,
                        0.050854000000000003,
                        0.078824000000000005,
                        276844,
                        288196,
                        0.0,
                        0.0,
                        1632905494.757272,
                        730898017622320
                    ],
                    "sub": []
                },
                {
                    "stat": [
                        "doGAToPass2",
                        "entry",
                        0.10291004180908203,
                        0.050862999999999998,
                        0.078838000000000005,
                        276844,
                        288196,
                        0.0,
                        0.0,
                        1632905494.7572961,
                        730898017679732
                    ],
                    "sub": [
                        {
                            "stat": [
                                "DoPass2",
                                "entry",
                                0.13170695304870605,
                                0.050862999999999998,
                                0.081087000000000006,
                                275420,
                                288196,
                                0.0033300000000000001,
                                0.023125,
                                1632905494.786093,
                                730898092382120
                            ],
                            "sub": []
                        },
                        {
                            "stat": [
                                "DoPass2",
                                "exit",
                                0.1526949405670166,
                                0.052590999999999999,
                                0.098181000000000004,
                                283856,
                                288196,
                                0.0033300000000000001,
                                0.025090000000000001,
                                1632905494.807081,
                                730898146752867
                            ],
                            "sub": []
                        }
                    ]
                },
                {
                    "stat": [
                        "doGAToPass2",
                        "exit",
                        0.15431904792785645,
                        0.052590999999999999,
                        0.099806000000000006,
                        283856,
                        288196,
                        0.0033300000000000001,
                        0.025090000000000001,
                        1632905494.8087051,
                        730898151032145
                    ],