{
    "Modules": {
        "std": {
            "start_perf": [
                0.14080905914306641,
                0.050923999999999997,
                0.088186,
                278856,
                288196,
                1632905494.7951951,
                730898115915186
            ],
            "child_modules": {},
            "Compiled": "Yes",
            "nRouts": 33,
            "nQuads": 213,
            "Compiled Times": 5,
            "end_perf": [
                0.14257693290710449,
                0.051901999999999997,
                0.088976,
                278856,
                288196,
                730898120519890,
                8589934594,
                0
            ],
            "nMops": 462,
            "svclass": [
                "$vcs_nba_dyn_obj",
                0,
                37,
                2,
                2,
                0,
                "sigprop$$",
                0,
                37,
                2,
                2,
                0,
                "process",
                0,
                184,
                8,
                8,
                0,
                "event",
                0,
                36,
                2,
                2,
                0,
                "mailbox",
                0,
                99,
                9,
                9,
                0,
                "semaphore",
                0,
                69,
                5,
                5,
                0
            ]
        },
        "...MASTER...": {
            "start_perf": [
                0.13181805610656738,
                0.050862999999999998,
                0.081198000000000006,
                275420,
                288196,
                1632905494.7862041,
                730898092621352
            ],
            "child_modules": {
                "$dummyOvSvModule": 1,
                "std": 1,
                "_vcs_unit__3923055470": 1
            },
            "nMops": 0,
            "end_perf": [
                0.13581490516662598,
                0.050862999999999998,
                0.083252999999999994,
                276900,
                288196,
                730898102995980,
                0,
                0
            ],
            "nRouts": 5,
            "nQuads": 0
        },
        "$dummyOvSvModule": {
            "start_perf": [
                0.13589692115783691,
                0.050862999999999998,
                0.083335000000000006,
                276900,
                288196,
                1632905494.790283,
                730898103186490
            ],
            "child_modules": {
                "ahb_slv_if": 1
            },
            "Compiled": "Yes",
            "nRouts": 5,
            "nQuads": 0,
            "Compiled Times": 2,
            "nMops": 0,
            "end_perf": [
                0.13927388191223145,
                0.050862999999999998,
                0.086711999999999997,
                276904,
                288196,
                730898111965092,
                0,
                0
            ]
        },
        "ahb_slv_if": {
            "start_perf": [
                0.14261484146118164,
                0.051916999999999998,
                0.088999999999999996,
                278856,
                288196,
                1632905494.7970009,
                730898120597780
            ],
            "child_modules": {},
            "Compiled": "Yes",
            "nRouts": 107,
            "nQuads": 1356,
            "Compiled Times": 2,
            "end_perf": [
                0.14991092681884766,
                0.052590999999999999,
                0.095396999999999996,
                281884,
                288196,
                730898139555057,
                12884901889,
                0
            ],
            "nMops": 502,
            "svclass": [
                "ahb_slv_if_vcs_virt_intf_C",
                0,
                0,
                0,
                0,
                0
            ]
        },
        "_vcs_unit__3923055470": {
            "start_perf": [
                0.1393129825592041,
                0.050862999999999998,
                0.086750999999999995,
                276904,
                288196,
                1632905494.793699,
                730898112036668
            ],
            "child_modules": {},
            "Compiled": "Yes",
            "nRouts": 5,
            "nQuads": 0,
            "Compiled Times": 2,
            "nMops": 0,
            "end_perf": [
                0.14077186584472656,
                0.050910999999999998,
                0.088163000000000005,
                278856,
                288196,
                730898115844570,
                4294967297,
                0
            ]
        }
    },
    "CompUnits": {
        "w9wA5_d": {
            "mod": "_vcs_unit__3923055470",
            "out": "w9wA5_d.o",
            "bytes": 10750,
            "text": 228,
            "archive": "archive.4/_86846_archive_1.a",
            "mode": 4,
            "checksum": 0
        },
        "tV7Sj_d": {
            "mod": "ahb_slv_if",
            "out": "tV7Sj_d.o",
            "bytes": 26508,
            "text": 2197,
            "archive": "archive.4/_86846_archive_1.a",
            "mode": 4,
            "checksum": 0
        }
    },
    "reusePaths": {
        "reYIK_d": {
            "icPath": "csrc"
        },
        "amcQw_d": {
            "icPath": "csrc"
        },
        "QAfa9_d": {
            "icPath": "csrc"
        }
    },
    "ObjArchives": [
        {
            "objects": [
                [
                    "w9wA5_d.o",
                    10750
                ],
                [
                    "tV7Sj_d.o",
                    26508
                ],
                [
                    "amcQwB.o",
                    68322
                ]
            ],
            "archive": "archive.4/_86846_archive_1.a",
            "size": 105580
        }
    ],
    "stat": {
        "ru_self_end": {
            "ru_stime_sec": 0.099901000000000004,
            "ru_utime_sec": 0.052590999999999999,
            "ru_majflt": 11,
            "ru_maxrss_kb": 75736,
            "ru_minflt": 29347,
            "ru_nvcsw": 27,
            "ru_nivcsw": 7
        },
        "ru_childs_end": {
            "ru_stime_sec": 0.025090000000000001,
            "ru_utime_sec": 0.0033300000000000001,
            "ru_majflt": 0,
            "ru_maxrss_kb": 18384,
            "ru_minflt": 6890,
            "ru_nvcsw": 18,
            "ru_nivcsw": 6
        },
        "cpu_cycles_end": 730898151135001,
        "peak_mem_kb": 288196
    }
}